macrame banner,"Handmade Macrame Banner Garland, Eco-friendly",76,2,14
big macrame,"Big Macrame Shade, Handmade Chandelier, Bohemian Lamps",3,1,213
Wall Hangings,"Modern Macrame Wall Hangings, Driftwood Wall Home Decor, Naturale Cotton Threads",276,6,250
Wall Hangings,"Modern Macrame Wall Hangings, Driftwood Wall Home Decor, Naturale Cotton Threads",276,6,250
nursery decor boho,"Macrame Garland, Nursery Decor, Boho Garland",52,2,250
driftwood cross,"Macrame Wall Hanging, Boho Style, Modern Macrame, Wall Home Decor, Wall Art, Naturale Cotton",83,2,7
handmade wallhanging,"Macrame Wall Hanging, Boho Style, Modern Macrame, Wall Home Decor, Wall Art, Naturale Cotton",115,3,105
Naturale Cotton,Macrame Table Runner Made Of Natural Cotton Rope,1015,22,250
Modern Macrame,"Macrame Wall Hanging, Boho Style, Modern Macrame, Wall Home Decor, Wall Art, Naturale Cotton",1359,29,250
Modern Macrame,,> 1140,> 30,250
wallhanging,,> 1140,> 30,250
Driftwood,,> 1140,> 30,250
Home & Living,,> 1140,> 30,250
authentic decor,"Macrame Wall Hanging, Boho Style, Modern Macrame, Wall Home Decor, Wall Art, Naturale Cotton",1278,27,250
